{
    "name": "demo",
    "author": "Meghana",
    "states": [
        "s1",
        "s2",
        "s3"
    ],
    "inits": {
        "s1": 1.5994620704162712,
        "s2": 1.5994620704162712,
        "s3": 1.5994620704162712
    },
    "transitions": {
        "s1": {
            "s1": 0.014499569695115089,
            "s2": 7.643856189774724,
            "s3": 7.643856189774724
        },
        "s2": {
            "s1": 6.491853096329675,
            "s2": 0.0161196653632769,
            "s3": 99
        },
        "s3": {
            "s1": 6.491853096329675,
            "s2": 99,
            "s3": 0.0161196653632769
        }
    },
    "emissions": {
        "s1": {
            "A": 2.0,
            "C": 2.0,
            "G": 2.0,
            "T": 2.0
        },
        "s2": {
            "A": 2.3868998826284202,
            "C": 1.8805112680884573,
            "G": 1.4874204983279518,
            "T": 2.469369186908641
        },
        "s3": {
            "A": 2.41772542391734,
            "C": 1.5559451857598632,
            "G": 1.863705351752719,
            "T": 2.3366192345859687
        }
    }
}