{
    "name": "demo",
    "author": "Meghana",
    "states": [
        "s1",
        "s2",
        "s3"
    ],
    "inits": {
        "s1": 1.5994620704162712,
        "s2": 1.5994620704162712,
        "s3": 1.5994620704162712
    },
    "transitions": {
        "s1": {
            "s1": 0.014499569695115089,
            "s2": 7.643856189774724,
            "s3": 7.643856189774724
        },
        "s2": {
            "s1": 6.491853096329675,
            "s2": 0.0161196653632769,
            "s3": 99
        },
        "s3": {
            "s1": 6.491853096329675,
            "s2": 99,
            "s3": 0.0161196653632769
        }
    },
    "emissions": {
        "s1": {
            "A": {
                "A": 2.0,
                "C": 2.0,
                "G": 2.0,
                "T": 2.0
            },
            "C": {
                "A": 2.0,
                "C": 2.0,
                "G": 2.0,
                "T": 2.0
            },
            "G": {
                "A": 2.0,
                "C": 2.0,
                "G": 2.0,
                "T": 2.0
            },
            "T": {
                "A": 2.0,
                "C": 2.0,
                "G": 2.0,
                "T": 2.0
            }
        },
        "s2": {
            "A": {
                "A": 2.452025383352955,
                "C": 2.2086623643425414,
                "G": 1.0831783724850905,
                "T": 2.9554140829255338
            },
            "C": {
                "A": 1.9481943668334731,
                "C": 1.5493825213520613,
                "G": 2.783537706920214,
                "T": 1.9772799234999165
            },
            "G": {
                "A": 2.3544580446063192,
                "C": 2.01333314414943,
                "G": 1.33157080571211,
                "T": 2.6490631212006757
            },
            "T": {
                "A": 3.4973478527635806,
                "C": 1.875458783044067,
                "G": 1.082037141659114,
                "T": 2.5859952101717587
            }
        },
        "s3": {
            "A": {
                "A": 2.5303012844858173,
                "C": 1.7156582720905904,
                "G": 1.395871530057572,
                "T": 2.8117884533446826
            },
            "C": {
                "A": 1.9751673627391366,
                "C": 1.4191643752990828,
                "G": 3.2054719321113887,
                "T": 1.925089719701857
            },
            "G": {
                "A": 2.513152498130131,
                "C": 1.646701743046125,
                "G": 1.5569787390947578,
                "T": 2.5942597551742175
            },
            "T": {
                "A": 3.2967200194588724,
                "C": 1.5377281189626675,
                "G": 1.429323296905669,
                "T": 2.4539926853919374
            }
        }
    }
}