{
    "name": "demo",
    "author": "Meghana",
    "states": [
        "s1",
        "s2",
        "s3"
    ],
    "inits": {
        "s1": 1.5994620704162712,
        "s2": 1.5994620704162712,
        "s3": 1.5994620704162712
    },
    "transitions": {
        "s1": {
            "s1": 0.014499569695115089,
            "s2": 7.643856189774724,
            "s3": 7.643856189774724
        },
        "s2": {
            "s1": 6.491853096329675,
            "s2": 0.0161196653632769,
            "s3": 99
        },
        "s3": {
            "s1": 6.491853096329675,
            "s2": 99,
            "s3": 0.0161196653632769
        }
    },
    "emissions": {
        "s1": {
            "AA": {
                "A": 2.0,
                "C": 2.0,
                "G": 2.0,
                "T": 2.0
            },
            "AC": {
                "A": 2.0,
                "C": 2.0,
                "G": 2.0,
                "T": 2.0
            },
            "AG": {
                "A": 2.0,
                "C": 2.0,
                "G": 2.0,
                "T": 2.0
            },
            "AT": {
                "A": 2.0,
                "C": 2.0,
                "G": 2.0,
                "T": 2.0
            },
            "CA": {
                "A": 2.0,
                "C": 2.0,
                "G": 2.0,
                "T": 2.0
            },
            "CC": {
                "A": 2.0,
                "C": 2.0,
                "G": 2.0,
                "T": 2.0
            },
            "CG": {
                "A": 2.0,
                "C": 2.0,
                "G": 2.0,
                "T": 2.0
            },
            "CT": {
                "A": 2.0,
                "C": 2.0,
                "G": 2.0,
                "T": 2.0
            },
            "GA": {
                "A": 2.0,
                "C": 2.0,
                "G": 2.0,
                "T": 2.0
            },
            "GC": {
                "A": 2.0,
                "C": 2.0,
                "G": 2.0,
                "T": 2.0
            },
            "GG": {
                "A": 2.0,
                "C": 2.0,
                "G": 2.0,
                "T": 2.0
            },
            "GT": {
                "A": 2.0,
                "C": 2.0,
                "G": 2.0,
                "T": 2.0
            },
            "TA": {
                "A": 2.0,
                "C": 2.0,
                "G": 2.0,
                "T": 2.0
            },
            "TC": {
                "A": 2.0,
                "C": 2.0,
                "G": 2.0,
                "T": 2.0
            },
            "TG": {
                "A": 2.0,
                "C": 2.0,
                "G": 2.0,
                "T": 2.0
            },
            "TT": {
                "A": 2.0,
                "C": 2.0,
                "G": 2.0,
                "T": 2.0
            }
        },
        "s2": {
            "AA": {
                "A": 1.8627389256315094,
                "C": 2.464774939711607,
                "G": 1.3212615691000904,
                "T": 2.798714013696213
            },
            "AC": {
                "A": 1.7069199528310761,
                "C": 1.7032536356333061,
                "G": 2.537402895698251,
                "T": 2.2220176466776604
            },
            "AG": {
                "A": 2.212852628464561,
                "C": 2.1132370072789866,
                "G": 1.2224786527725269,
                "T": 3.004404388029768
            },
            "AT": {
                "A": 3.2366343439122267,
                "C": 1.9654595494894993,
                "G": 1.1232137127862283,
                "T": 2.483727205876999
            },
            "CA": {
                "A": 3.0678721128924584,
                "C": 2.0186845632649266,
                "G": 0.9447175644988104,
                "T": 3.1274609091822585
            },
            "CC": {
                "A": 1.965642566865541,
                "C": 1.618352039856753,
                "G": 2.767349964744209,
                "T": 1.881541166591643
            },
            "CG": {
                "A": 2.690692739445064,
                "C": 1.9660250996897264,
                "G": 1.294917142326853,
                "T": 2.461210893322297
            },
            "CT": {
                "A": 3.815156042732702,
                "C": 1.8104025127620669,
                "G": 1.015302742611105,
                "T": 2.7454470709212973
            },
            "GA": {
                "A": 2.3949959012290547,
                "C": 2.3567995776681046,
                "G": 1.0348714827807421,
                "T": 2.981718859814648
            },
            "GC": {
                "A": 2.090044224573617,
                "C": 1.4882864813094825,
                "G": 2.7074665975538488,
                "T": 1.96808413904684
            },
            "GG": {
                "A": 2.2788107965870847,
                "C": 1.8892439848243592,
                "G": 1.4880387587250847,
                "T": 2.577877933665635
            },
            "GT": {
                "A": 3.5328477317798614,
                "C": 2.0328703211403125,
                "G": 0.9149348092574189,
                "T": 2.8482437531704705
            },
            "TA": {
                "A": 2.146841388329271,
                "C": 1.9655116236147094,
                "G": 1.5279315556847772,
                "T": 2.5448053742491736
            },
            "TC": {
                "A": 1.890040206736791,
                "C": 1.4215314990099137,
                "G": 3.2448491313922925,
                "T": 1.9919626809345816
            },
            "TG": {
                "A": 2.509182250642388,
                "C": 2.1542574477062746,
                "G": 1.2267825199416633,
                "T": 2.535943318755148
            },
            "TT": {
                "A": 3.060187006075089,
                "C": 1.688659397349911,
                "G": 1.6419183855332322,
                "T": 2.0031059108678217
            }
        },
        "s3": {
            "AA": {
                "A": 2.056718953633308,
                "C": 1.9041123483447406,
                "G": 1.6177357587294316,
                "T": 2.5854462207729263
            },
            "AC": {
                "A": 1.8507485668224377,
                "C": 1.4342245191988914,
                "G": 2.8497573644193874,
                "T": 2.2244097922174824
            },
            "AG": {
                "A": 2.4134972161635386,
                "C": 1.6604354152807261,
                "G": 1.4899692244059415,
                "T": 2.8371618927950863
            },
            "AT": {
                "A": 3.291138588411393,
                "C": 1.5605094569966171,
                "G": 1.4219042187671105,
                "T": 2.4297921281974233
            },
            "CA": {
                "A": 2.9476879006680954,
                "C": 1.5855061958626537,
                "G": 1.2966918507735092,
                "T": 2.9421068684047955
            },
            "CC": {
                "A": 1.895726353602031,
                "C": 1.535092572729782,
                "G": 3.208745369968708,
                "T": 1.8466181747136141
            },
            "CG": {
                "A": 2.726542876469507,
                "C": 1.6473590378590235,
                "G": 1.509372522795274,
                "T": 2.486614719407703
            },
            "CT": {
                "A": 3.350217139318786,
                "C": 1.533201844328315,
                "G": 1.3015009824531774,
                "T": 2.7299791638500994
            },
            "GA": {
                "A": 2.3759133424237513,
                "C": 1.9038056576510076,
                "G": 1.3196543433672414,
                "T": 2.8418983529827466
            },
            "GC": {
                "A": 2.0793131323540166,
                "C": 1.3154224324449724,
                "G": 3.2549113422115235,