{
    "name": "unnamed",
    "author": "unkown",
    "states": [
        "positive",
        "negative",
        "genomic"
    ],
    "inits": {
        "positive": 0.3333333333333333,
        "negative": 0.3333333333333333,
        "genomic": 0.3333333333333333
    },
    "terms": {
        "positive": 0.3333333333333333,
        "negative": 0.3333333333333333,
        "genomic": 0.3333333333333333
    },
    "transitions": {
        "positive": {
            "positive": 0.9966666666666667,
            "genomic": 0.0016666666666666668
        },
        "negative": {
            "negative": 0.9966666666666667,
            "genomic": 0.0016666666666666668
        },
        "genomic": {
            "positive": 0.0005,
            "negative": 0.0005,
            "genomic": 0.999
        }
    },
    "emissions": {
        "positive": {
            "AA": {
                "A": 0.13377933482614254,
                "C": -0.46346149567345024,
                "G": 0.682424939755894,
                "T": -0.8040052687281596
            },
            "AC": {
                "A": 0.29602131368856827,
                "C": 0.2978626605127359,
                "G": -0.545357714101874,
                "T": -0.2214501608099157
            },
            "AG": {
                "A": -0.2120244640959767,
                "C": -0.11080241391717546,
                "G": 0.7752644841544694,
                "T": -1.002603673402754
            },
            "AT": {
                "A": -1.243173983472951,
                "C": 0.03481076382681455,
                "G": 0.877841417488415,
                "T": -0.4829530370064416
            },
            "CA": {
                "A": -1.0657976148974198,
                "C": -0.016423003923845072,
                "G": 1.0546082350085717,
                "T": -1.1314508536276766
            },
            "CC": {
                "A": 0.03680480222312973,
                "C": 0.38090901756547546,
                "G": -0.7717866803292135,
                "T": 0.1194317570969758
            },
            "CG": {
                "A": -0.6876579539418357,
                "C": 0.03539085988918569,
                "G": 0.7055751750186597,
                "T": -0.46691526982448056
            },
            "CT": {
                "A": -1.816909228770853,
                "C": 0.19145424416377377,
                "G": 0.986331541142491,
                "T": -0.7536126986512659
            },
            "GA": {
                "A": -0.3979679469248344,
                "C": -0.3542730553005107,
                "G": 0.9662771072558469,
                "T": -0.9855947051730469
            },
            "GC": {
                "A": -0.09072061617798045,
                "C": 0.5118610893503936,
                "G": -0.7100346216899137,
                "T": 0.033867019686668894
            },
            "GG": {
                "A": -0.27537233299134883,
                "C": 0.11146166482140782,
                "G": 0.5105832323998644,
                "T": -0.5803214740689212
            },
            "GT": {
                "A": -1.541698813452996,
                "C": -0.03438145662603699,
                "G": 1.0860485537649565,
                "T": -0.843859550576611
            },
            "TA": {
                "A": -0.14516334796458705,
                "C": 0.03770070918522353,
                "G": 0.47404871470947946,
                "T": -0.5558749218406408
            },
            "TC": {
                "A": 0.11304825144481237,
                "C": 0.5776140215535462,
                "G": -1.2555963423495804,
                "T": 0.010478517804264544
            },
            "TG": {
                "A": -0.5083791518356463,
                "C": -0.15610348722654008,
                "G": 0.7761401201356171,
                "T": -0.5416187964514456
            },
            "TT": {
                "A": -1.074618041346585,
                "C": 0.3155018257279294,
                "G": 0.36248319359824516,
                "T": -0.007054757533950458
            }
        },
        "negative": {
            "AA": {
                "A": -0.06360016222875883,
                "C": 0.09771982052215435,
                "G": 0.3850774787942777,
                "T": -0.5839906616538313
            },
            "AC": {
                "A": 0.1503457755822759,
                "C": 0.5673718279545737,
                "G": -0.8476656713242702,
                "T": -0.229957891979989
            },
            "AG": {
                "A": -0.4141532240192326,
                "C": 0.3403849995949234,
                "G": 0.5102323720969232,
                "T": -0.8386510525471426
            },
            "AT": {
                "A": -1.2990602693942788,
                "C": 0.44371094645313314,
                "G": 0.5748799044129532,
                "T": -0.42670809249023894
            },
            "CA": {
                "A": -0.9491170317661233,
                "C": 0.4143104260413867,
                "G": 0.7043623825136602,
                "T": -0.9435143255367472
            },
            "CC": {
                "A": 0.10440564592571192,
                "C": 0.4657999554974389,
                "G": -1.209267972935342,
                "T": 0.1523491405379155
            },
            "CG": {
                "A": -0.7273343721823283,
                "C": 0.3496276096325557,
                "G": 0.492232005075356,
                "T": -0.4837225209579929
            },
            "CT": {
                "A": -1.3507083371482875,
                "C": 0.46635485805088234,
                "G": 0.7004126570383314,
                "T": -0.7338029439243772
            },
            "GA": {
                "A": -0.37628776501811917,
                "C": 0.09866263567804603,
                "G": 0.6803611190773085,
                "T": -0.8461652448803763
            },
            "GC": {
                "A": -0.08111305894496362,
                "C": 0.6855813026244505,
                "G": -1.2550257688634447,
                "T": 0.03890808361992049
            },
            "GG": {
                "A": -0.426411993164741,
                "C": 0.3875179321936505,
                "G": 0.40032375957928024,
                "T": -0.6712900072066557
            },
            "GT": {
                "A": -1.214815585850071,
                "C": 0.3892557378187895,
                "G": 0.7204346049730952,
                "T": -0.7089246561201137
            },
            "TA": {
                "A": -0.2939589790286944,
                "C": 0.4103228054067918,
                "G": 0.2638186923662314,
                "T": -0.6110860876522357
            },
            "TC": {
                "A": -0.11725113365425441,
                "C": 0.6666965051207125,
                "G": -1.5090670111330253,
                "T": 0.18812887193512606
            },
            "TG": {
                "A": -0.6284597671107393,
                "C": 0.3168631402689466,
                "G": 0.40622679241649445,
                "T": -0.3542083755711318
            },
            "TT": {
                "A": -1.2699605476790328,
                "C": 0.5541700871293979,
                "G": -0.11227381573040034,
                "T": 0.2532345437756499
            }
        },
        "genomic": {
            "AA": {
                "A": 0,
                "C": 0,
                "G": 0,
                "T": 0
            },
            "AC": {
                "A": 0,
                "C": 0,
                "G": 0,
                "T": 0
            },
            "AG": {
                "A": 0,
                "C": 0,
                "G": 0,
                "T": 0
            },
            "AT": {
                "A": 0,
                "C": 0,
                "G": 0,
                "T": 0
            },
            "CA": {
                "A": 0,
                "C": 0,
                "G": 0,
                "T": 0
            },